-- Countries Lookup

INSERT INTO Countries (CountryID, CountryName, SortOrder)
VALUES ('84956094-E279-4EC0-87DB-3E02ACAF28E6', 'UAE', 0)

INSERT INTO Countries (CountryID, CountryName, SortOrder)
VALUES ('64B9AFDC-52A3-474C-AD5B-9273A700D30B', 'Trin. & Tobago', 1)

INSERT INTO Countries (CountryID, CountryName, SortOrder)
VALUES ('3EFD5FF5-DFAF-41FD-B7B5-76FBA0E916EE', 'Iran', 2)

INSERT INTO Countries (CountryID, CountryName, SortOrder)
VALUES ('431B905E-E99A-4D3A-9A72-F6C64DA922F9', 'Australia', 3)

INSERT INTO Countries (CountryID, CountryName, SortOrder)
VALUES ('19D5DF0F-1E2B-4ABC-8B6F-F4CCE396F741', 'Brazil', 4)

INSERT INTO Countries (CountryID, CountryName, SortOrder)
VALUES ('098499FA-2368-45A1-ACC0-754DDF38941F', 'US', 5)

INSERT INTO Countries (CountryID, CountryName, SortOrder)
VALUES ('FA82C90C-B6D4-42F5-AAF5-F229FDD9AB8C', 'Angola', 6)

INSERT INTO Countries (CountryID, CountryName, SortOrder)
VALUES ('169FA29B-0D16-4554-BBB1-B002FD7011EB', 'UK', 7)

INSERT INTO Countries (CountryID, CountryName, SortOrder)
VALUES ('3E2FEBE2-D5BF-4B60-B4BF-989F3DCC1591', 'Russian Federation', 8)

INSERT INTO Countries (CountryID, CountryName, SortOrder)
VALUES ('19EDFBAF-7738-4966-892B-62CEF60714FB', 'Singapore', 9)

INSERT INTO Countries (CountryID, CountryName, SortOrder)
VALUES ('A47A8D8A-E2AC-40E8-80B9-B67D69A75553', 'Qatar', 10)

INSERT INTO Countries (CountryID, CountryName, SortOrder)
VALUES ('20463F36-6C79-4ADE-9F75-57E8F27EA657', 'Nigeria', 11)

INSERT INTO Countries (CountryID, CountryName, SortOrder)
VALUES ('913FE51B-FF17-4307-812B-EB7925664D03', 'Canada', 12)

INSERT INTO Countries (CountryID, CountryName, SortOrder)
VALUES ('61A5FE2C-EE3D-44A1-85D3-7229543B71E4', 'Korea, South', 13)

-- Regions

INSERT INTO Regions (RegionID, RegionName, SortOrder)
VALUES ('564FA57B-F8E2-4E0C-89A4-5B38F9712049', 'MidEast - Persian Gulf', 0)

INSERT INTO Regions (RegionID, RegionName, SortOrder)
VALUES ('DB85B86A-8BC3-4CC0-880E-89CC6CB4127A', 'S. America - Other & Carib.', 1)

INSERT INTO Regions (RegionID, RegionName, SortOrder)
VALUES ('51921FF9-5DDA-4F46-B720-329BE71F9A67', 'Australia', 2)

INSERT INTO Regions (RegionID, RegionName, SortOrder)
VALUES ('21BBD4AD-DF9E-4697-8849-2A8EC535F5C9', 'S. America - Brazil', 3)

INSERT INTO Regions (RegionID, RegionName, SortOrder)
VALUES ('156E387E-8A5A-4706-8D15-65AC12CB0ADB', 'N. America - US GOM', 4)

INSERT INTO Regions (RegionID, RegionName, SortOrder)
VALUES ('F586B06D-72F6-4F0B-9295-EB4F7D086B32', 'Asia - Far East', 5)

INSERT INTO Regions (RegionID, RegionName, SortOrder)
VALUES ('78A70CD5-7A5D-4E65-AE35-89476A7CF2DD', 'Africa - West', 6)

INSERT INTO Regions (RegionID, RegionName, SortOrder)
VALUES ('386BEF19-A020-4CED-AE01-7EE3375B1B39', 'Europe - North Sea', 7)

INSERT INTO Regions (RegionID, RegionName, SortOrder)
VALUES ('948210C9-B218-4DC1-A826-41AD93505320', 'Europe - East', 8)

INSERT INTO Regions (RegionID, RegionName, SortOrder)
VALUES ('95AC10C2-EC40-4F09-AAC0-2A9048210B7D', 'Asia - SouthEast', 9)

INSERT INTO Regions (RegionID, RegionName, SortOrder)
VALUES ('480BD4DB-7A82-46D8-9BE7-56EB68054B24', 'Asia - Far East', 10)

INSERT INTO Regions (RegionID, RegionName, SortOrder)
VALUES ('E570D142-246D-40A1-8184-618F37DEFF75', 'N. America - Canadian Atlantic', 11)

-- Organizations

INSERT INTO Organizations (OrganizationID, OrganizationName, SortOrder)
VALUES ('40A12B15-7904-4DB5-A0F0-BB63967031A1', 'KS Energy Services Ltd.', 0)

INSERT INTO Organizations (OrganizationID, OrganizationName, SortOrder)
VALUES ('59503ED7-E6ED-4975-AE33-3D69CB10AD12', 'Transocean Inc.', 1)

INSERT INTO Organizations (OrganizationID, OrganizationName, SortOrder)
VALUES ('BD98DFFA-16C7-458F-ADB0-0B62850F7C94', 'Japan Drilling', 2)

INSERT INTO Organizations (OrganizationID, OrganizationName, SortOrder)
VALUES ('819813E2-0B5D-40EA-BF3D-29534F2E4BB0', 'Seadrill Ltd', 3)

INSERT INTO Organizations (OrganizationID, OrganizationName, SortOrder)
VALUES ('B736CB18-8E05-434C-9894-1A5525D6E88C', 'Petrobras (NOC)', 4)

INSERT INTO Organizations (OrganizationID, OrganizationName, SortOrder)
VALUES ('7B35908A-5976-4FD8-9E09-A78F133B7C9B', 'Mike Mullen Energy Equipment Resources', 5)

INSERT INTO Organizations (OrganizationID, OrganizationName, SortOrder)
VALUES ('98676F6D-C656-4FAB-A977-CD96C1B038A0', 'Hercules Offshore', 6)

INSERT INTO Organizations (OrganizationID, OrganizationName, SortOrder)
VALUES ('73E2445A-2678-4A48-93C2-AA243847890A', 'Petroserv SA', 7)

INSERT INTO Organizations (OrganizationID, OrganizationName, SortOrder)
VALUES ('74BA92F1-A7DF-40F9-A4C1-AD82E0B193E2', 'Petrolia Drilling', 8)

INSERT INTO Organizations (OrganizationID, OrganizationName, SortOrder)
VALUES ('2E27C20E-EA78-4E08-ADD1-4463477FACAA', 'SeaDragon Offshore', 9)

INSERT INTO Organizations (OrganizationID, OrganizationName, SortOrder)
VALUES ('3DFFCD96-9F95-42FB-AA9E-63095E171608', 'Pride International', 10)

INSERT INTO Organizations (OrganizationID, OrganizationName, SortOrder)
VALUES ('4298F1AE-E146-44F5-85FC-6ACD7126207E', 'ENSCO', 11)

INSERT INTO Organizations (OrganizationID, OrganizationName, SortOrder)
VALUES ('65A08779-205D-4865-B677-C7415551B6D9', 'Delta Offshore Rig Logistics Limited', 12)

INSERT INTO Organizations (OrganizationID, OrganizationName, SortOrder)
VALUES ('030E4BDD-1AD4-4454-8980-DB275FF06CB0', 'Vantage Energy Services', 13)

-- Rig Types

INSERT INTO RigTypes (RigTypeID, RigTypeName, SortOrder)
VALUES ('F3B55807-69CE-420B-85B8-57956B6658E1', 'Jackup', 0)

INSERT INTO RigTypes (RigTypeID, RigTypeName, SortOrder)
VALUES ('6FC56D28-47C0-427D-902C-223D8688AA0F', 'Drillship', 1)

INSERT INTO RigTypes (RigTypeID, RigTypeName, SortOrder)
VALUES ('9214D0E3-65E3-4453-B267-F79A49747D2C', 'Semisub', 2)

-- Rigs

INSERT INTO Rigs (RigID, RigName, RigTypeID, WaterDepth, DrillingDepth, ManagerID, RegionID, CountryID, CurrentBlockOrWell, CurrentStartDate, CurrentEndDate)
VALUES('E365DC56-5474-4379-A1C2-3827034E78CC', 'KS Endeavour', 'F3B55807-69CE-420B-85B8-57956B6658E1', 300, 30000, '40A12B15-7904-4DB5-A0F0-BB63967031A1', '564FA57B-F8E2-4E0C-89A4-5B38F9712049', '84956094-E279-4EC0-87DB-3E02ACAF28E6', 'MIS Shipyard', '5/12/11', '2/8/14')

INSERT INTO Rigs (RigID, RigName, RigTypeID, WaterDepth, DrillingDepth, ManagerID, RegionID, CountryID, CurrentBlockOrWell, CurrentStartDate, CurrentEndDate)
VALUES('0C248A8E-B317-478C-B667-772B4A8495A9', 'GSF Monitor', 'F3B55807-69CE-420B-85B8-57956B6658E1', 350, 30000, '59503ED7-E6ED-4975-AE33-3D69CB10AD12', 'DB85B86A-8BC3-4CC0-880E-89CC6CB4127A', '64B9AFDC-52A3-474C-AD5B-9273A700D30B', 'CAS2 A07', '12/25/12', '3/4/13')

INSERT INTO Rigs (RigID, RigName, RigTypeID, WaterDepth, DrillingDepth, ManagerID, RegionID, CountryID, CurrentBlockOrWell, CurrentStartDate, CurrentEndDate)
VALUES('BF536FA2-3E6F-44A7-9455-F0669C66266B', 'Sagadril 1', 'F3B55807-69CE-420B-85B8-57956B6658E1', 300, 20000, 'BD98DFFA-16C7-458F-ADB0-0B62850F7C94', '564FA57B-F8E2-4E0C-89A4-5B38F9712049', '3EFD5FF5-DFAF-41FD-B7B5-76FBA0E916EE', 'SDP 11', '7/10/12', '3/11/13')

INSERT INTO Rigs (RigID, RigName, RigTypeID, WaterDepth, DrillingDepth, ManagerID, RegionID, CountryID, CurrentBlockOrWell, CurrentStartDate, CurrentEndDate)
VALUES('7B06ED20-FD88-4456-8477-AE96B048DF55', 'West Triton', 'F3B55807-69CE-420B-85B8-57956B6658E1', 375, 30000, '819813E2-0B5D-40EA-BF3D-29534F2E4BB0', '51921FF9-5DDA-4F46-B720-329BE71F9A67', '431B905E-E99A-4D3A-9A72-F6C64DA922F9', 'Fermat-1', '1/18/13', '3/12/13')

INSERT INTO Rigs (RigID, RigName, RigTypeID, WaterDepth, DrillingDepth, ManagerID, RegionID, CountryID, CurrentBlockOrWell, CurrentStartDate, CurrentEndDate)
VALUES('B5E6B43D-C403-493C-8CA9-6A728F20DA45', 'West Atlas', 'F3B55807-69CE-420B-85B8-57956B6658E1', 400, 30000, '819813E2-0B5D-40EA-BF3D-29534F2E4BB0', '51921FF9-5DDA-4F46-B720-329BE71F9A67', '431B905E-E99A-4D3A-9A72-F6C64DA922F9', NULL, '1/4/13', '3/11/13')

INSERT INTO Rigs (RigID, RigName, RigTypeID, WaterDepth, DrillingDepth, ManagerID, RegionID, CountryID, CurrentBlockOrWell, CurrentStartDate, CurrentEndDate)
VALUES('1DB7993B-E9A0-4B07-88D7-AE2B2A78C78B', 'Petrobras V', 'F3B55807-69CE-420B-85B8-57956B6658E1', 230, 25000, 'B736CB18-8E05-434C-9894-1A5525D6E88C', '21BBD4AD-DF9E-4697-8849-2A8EC535F5C9', '19D5DF0F-1E2B-4ABC-8B6F-F4CCE396F741', '7-CAN-2D-ESS', '9/29/12', NULL)

INSERT INTO Rigs (RigID, RigName, RigTypeID, WaterDepth, DrillingDepth, ManagerID, RegionID, CountryID, CurrentBlockOrWell, CurrentStartDate, CurrentEndDate)
VALUES('02C99BF0-31AD-4882-A59D-A0554A1FB76C', 'Peregrine I', '6FC56D28-47C0-427D-902C-223D8688AA0F', 5200, 25000, '7B35908A-5976-4FD8-9E09-A78F133B7C9B', '21BBD4AD-DF9E-4697-8849-2A8EC535F5C9', '19D5DF0F-1E2B-4ABC-8B6F-F4CCE396F741', '3-GLF-025-ESS', '2/15/13', '5/2/13')

INSERT INTO Rigs (RigID, RigName, RigTypeID, WaterDepth, DrillingDepth, ManagerID, RegionID, CountryID, CurrentBlockOrWell, CurrentStartDate, CurrentEndDate)
VALUES('36ECBC33-8F3D-4A1F-B9A0-3E2594BD5871', 'Hercules 120', 'F3B55807-69CE-420B-85B8-57956B6658E1', 120, 18000, '98676F6D-C656-4FAB-A977-CD96C1B038A0', '156E387E-8A5A-4706-8D15-65AC12CB0ADB', '098499FA-2368-45A1-ACC0-754DDF38941F', NULL, '2/16/13', '5/9/13')

INSERT INTO Rigs (RigID, RigName, RigTypeID, WaterDepth, DrillingDepth, ManagerID, RegionID, CountryID, CurrentBlockOrWell, CurrentStartDate, CurrentEndDate)
VALUES('72CE3AFC-31DD-491E-A93C-AD7D870F64B9', 'Victoria', '9214D0E3-65E3-4453-B267-F79A49747D2C', 7874, 30000, '73E2445A-2678-4A48-93C2-AA243847890A', '480BD4DB-7A82-46D8-9BE7-56EB68054B24', '61A5FE2C-EE3D-44A1-85D3-7229543B71E4', 'Daewoo Shipyard', '8/18/10', '9/8/13')

INSERT INTO Rigs (RigID, RigName, RigTypeID, WaterDepth, DrillingDepth, ManagerID, RegionID, CountryID, CurrentBlockOrWell, CurrentStartDate, CurrentEndDate)
VALUES('0B7A8147-2526-44B9-9BFB-96BD9E67828E', 'D/S Deep Venture', '6FC56D28-47C0-427D-902C-223D8688AA0F', 4200, 21325, '74BA92F1-A7DF-40F9-A4C1-AD82E0B193E2', '78A70CD5-7A5D-4E65-AE35-89476A7CF2DD', 'FA82C90C-B6D4-42F5-AAF5-F229FDD9AB8C', 'Chisfonga-1', '2/5/13', '3/5/13')

INSERT INTO Rigs (RigID, RigName, RigTypeID, WaterDepth, DrillingDepth, ManagerID, RegionID, CountryID, CurrentBlockOrWell, CurrentStartDate, CurrentEndDate)
VALUES('F2CC4A4A-3E5A-428B-8DF6-21097B0AF239', 'Hercules 173', 'F3B55807-69CE-420B-85B8-57956B6658E1', 173, 15000, '98676F6D-C656-4FAB-A977-CD96C1B038A0', '156E387E-8A5A-4706-8D15-65AC12CB0ADB', '098499FA-2368-45A1-ACC0-754DDF38941F', NULL, '2/17/13', '5/9/13')

INSERT INTO Rigs (RigID, RigName, RigTypeID, WaterDepth, DrillingDepth, ManagerID, RegionID, CountryID, CurrentBlockOrWell, CurrentStartDate, CurrentEndDate)
VALUES('8478ECF6-DF5B-4753-B6B5-2A326E863A26', 'Sedco 704', '9214D0E3-65E3-4453-B267-F79A49747D2C', 1000, 25000, '59503ED7-E6ED-4975-AE33-3D69CB10AD12', '386BEF19-A020-4CED-AE01-7EE3375B1B39', '169FA29B-0D16-4554-BBB1-B002FD7011EB', NULL, '12/27/12', '2/3/14')

INSERT INTO Rigs (RigID, RigName, RigTypeID, WaterDepth, DrillingDepth, ManagerID, RegionID, CountryID, CurrentBlockOrWell, CurrentStartDate, CurrentEndDate)
VALUES('B70EAEA5-11C1-4AF2-B664-25FFC440DCEF', 'SDO II', '9214D0E3-65E3-4453-B267-F79A49747D2C', 10000, 35000, '2E27C20E-EA78-4E08-ADD1-4463477FACAA', '948210C9-B218-4DC1-A826-41AD93505320', '3E2FEBE2-D5BF-4B60-B4BF-989F3DCC1591', 'Vyborg Shipyard', '8/10/11', '5/9/13')

INSERT INTO Rigs (RigID, RigName, RigTypeID, WaterDepth, DrillingDepth, ManagerID, RegionID, CountryID, CurrentBlockOrWell, CurrentStartDate, CurrentEndDate)
VALUES('AAD886E9-65B0-449C-A71C-C64EE2F66A34', 'West Capricorn', '9214D0E3-65E3-4453-B267-F79A49747D2C', 10000, 35000, '819813E2-0B5D-40EA-BF3D-29534F2E4BB0', '95AC10C2-EC40-4F09-AAC0-2A9048210B7D', '19EDFBAF-7738-4966-892B-62CEF60714FB', 'Jurong Shipyard', '7/5/12', '2/8/16')

INSERT INTO Rigs (RigID, RigName, RigTypeID, WaterDepth, DrillingDepth, ManagerID, RegionID, CountryID, CurrentBlockOrWell, CurrentStartDate, CurrentEndDate)
VALUES('6FB03071-FC5B-49AD-91C8-B753FF8A27DC', 'Pride Drillship TBN 2', '6FC56D28-47C0-427D-902C-223D8688AA0F', 12000, 40000, '3DFFCD96-9F95-42FB-AA9E-63095E171608', '480BD4DB-7A82-46D8-9BE7-56EB68054B24', '61A5FE2C-EE3D-44A1-85D3-7229543B71E4', 'Samsung Yard', '8/14/11', '11/8/14')

INSERT INTO Rigs (RigID, RigName, RigTypeID, WaterDepth, DrillingDepth, ManagerID, RegionID, CountryID, CurrentBlockOrWell, CurrentStartDate, CurrentEndDate)
VALUES('1815AE7E-CD0F-4B88-92C4-546CE4695613', 'ENSCO 94', 'F3B55807-69CE-420B-85B8-57956B6658E1', 250, 20000, '4298F1AE-E146-44F5-85FC-6ACD7126207E', '564FA57B-F8E2-4E0C-89A4-5B38F9712049', 'A47A8D8A-E2AC-40E8-80B9-B67D69A75553', NULL, '3/26/11', '2/20/15')

INSERT INTO Rigs (RigID, RigName, RigTypeID, WaterDepth, DrillingDepth, ManagerID, RegionID, CountryID, CurrentBlockOrWell, CurrentStartDate, CurrentEndDate)
VALUES('D43B8432-F72D-4F91-8E8C-18D9AC0FA299', 'Viner 1', '9214D0E3-65E3-4453-B267-F79A49747D2C', 660, 20000, '65A08779-205D-4865-B677-C7415551B6D9', '564FA57B-F8E2-4E0C-89A4-5B38F9712049', '84956094-E279-4EC0-87DB-3E02ACAF28E6', NULL, '11/28/10', NULL)

INSERT INTO Rigs (RigID, RigName, RigTypeID, WaterDepth, DrillingDepth, ManagerID, RegionID, CountryID, CurrentBlockOrWell, CurrentStartDate, CurrentEndDate)
VALUES('C3408BA3-F4D6-4205-870F-37241B0288DA', 'Aquamarine Driller', 'F3B55807-69CE-420B-85B8-57956B6658E1', 375, 30000, '030E4BDD-1AD4-4454-8980-DB275FF06CB0', '95AC10C2-EC40-4F09-AAC0-2A9048210B7D', '19EDFBAF-7738-4966-892B-62CEF60714FB', 'PPL Shipyard', '8/4/11', '11/8/13')

INSERT INTO Rigs (RigID, RigName, RigTypeID, WaterDepth, DrillingDepth, ManagerID, RegionID, CountryID, CurrentBlockOrWell, CurrentStartDate, CurrentEndDate)
VALUES('EC344C21-9ED3-41B5-B131-7A23F28302B9', 'Deepwater Pathfinder', '6FC56D28-47C0-427D-902C-223D8688AA0F', 10000, 30000, '59503ED7-E6ED-4975-AE33-3D69CB10AD12', '78A70CD5-7A5D-4E65-AE35-89476A7CF2DD', '20463F36-6C79-4ADE-9F75-57E8F27EA657', NULL, '11/14/12', '10/9/13')

INSERT INTO Rigs (RigID, RigName, RigTypeID, WaterDepth, DrillingDepth, ManagerID, RegionID, CountryID, CurrentBlockOrWell, CurrentStartDate, CurrentEndDate)
VALUES('444632A1-7395-4335-815C-4D5F0867E106', 'Henry Goodrich', '9214D0E3-65E3-4453-B267-F79A49747D2C', 5000, 30000, '59503ED7-E6ED-4975-AE33-3D69CB10AD12', 'E570D142-246D-40A1-8184-618F37DEFF75', '913FE51B-FF17-4307-812B-EB7925664D03', 'Mizzen O-16', '1/29/13', '4/22/13')